title,content,image
Tutto Tennis,"Lorem ipsum dolor sit amet. Eum quae velit aut enim provident ut iste molestiae aut autem sapiente ab esse officiis ab libero necessitatibus aut illum nisi. Eos error cupiditate aut quia velit rem veniam omnis. Ex voluptatem adipisci aut voluptatum sequi in nesciunt blanditiis. Et enim tempora aut nisi iste aut repudiandae corrupti qui doloribus corporis qui voluptatum sequi est corrupti rerum.Est sunt pariatur non cupiditate natus et perferendis nemo eum voluptatem alias et eligendi accusantium qui earum exercitationem. Sit nesciunt sunt sed voluptatem dolor est autem quaerat id ipsum itaque id vero molestiae et laudantium laboriosam.Non unde voluptatum et laudantium cumque sed nulla galisum. Et ullam vero aut similique quod et repudiandae maiores et assumenda quia a nihil voluptas aut pariatur ducimus non cumque inventore!",https://www.loremipzum.com/img/Lino-ipsum-generator.webp
La repubblica,"Lorem ipsum dolor sit amet. Eum quae velit aut enim provident ut iste molestiae aut autem sapiente ab esse officiis ab libero necessitatibus aut illum nisi. Eos error cupiditate aut quia velit rem veniam omnis. Ex voluptatem adipisci aut voluptatum sequi in nesciunt blanditiis. Et enim tempora aut nisi iste aut repudiandae corrupti qui doloribus corporis qui voluptatum sequi est corrupti rerum.Est sunt pariatur non cupiditate natus et perferendis nemo eum voluptatem alias et eligendi accusantium qui earum exercitationem. Sit nesciunt sunt sed voluptatem dolor est autem quaerat id ipsum itaque id vero molestiae et laudantium laboriosam.Non unde voluptatum et laudantium cumque sed nulla galisum. Et ullam vero aut similique quod et repudiandae maiores et assumenda quia a nihil voluptas aut pariatur ducimus non cumque inventore!",https://encrypted-tbn0.gstatic.com/images?q=tbn:ANd9GcQLm2nTGMhkAOl2rpr2-qXWQtYnc8iXbNubtg&s
Il Cinema di ieri,Lorem ipsum dolor sit amet. Eum quae velit aut enim provident ut iste molestiae aut autem sapiente ab esse officiis ab libero necessitatibus aut illum nisi. Eos error cupiditate aut quia velit rem veniam omnis. Ex voluptatem adipisci aut voluptatum sequi in nesciunt blanditiis. Et enim tempora aut nisi iste aut repudiandae corrupti qui doloribus corporis qui voluptatum sequi est corrupti rerum.Est sunt pariatur non cupiditate natus et perferendis nemo eum voluptatem alias et eligendi accusantium qui earum exercitationem. Sit nesciunt sunt sed voluptatem dolor est autem quaerat id ipsum itaque id vero molestiae et laudantium laboriosam.Non unde voluptatum et laudantium cumque sed nulla galisum. Et ullam vero aut similique quod et repudiandae maiores et assumenda quia a nihil voluptas aut pariatur ducimus non cumque inventore!,https://www.loremipzum.com/img/Lino-ipsum-generator.webp
Auto target,"Lorem ipsum dolor sit amet. Eum quae velit aut enim provident ut iste molestiae aut autem sapiente ab esse officiis ab libero necessitatibus aut illum nisi. Eos error cupiditate aut quia velit rem veniam omnis. Ex voluptatem adipisci aut voluptatum sequi in nesciunt blanditiis. Et enim tempora aut nisi iste aut repudiandae corrupti qui doloribus corporis qui voluptatum sequi est corrupti rerum.Est sunt pariatur non cupiditate natus et perferendis nemo eum voluptatem alias et eligendi accusantium qui earum exercitationem. Sit nesciunt sunt sed voluptatem dolor est autem quaerat id ipsum itaque id vero molestiae et laudantium laboriosam.Non unde voluptatum et laudantium cumque sed nulla galisum. Et ullam vero aut similique quod et repudiandae maiores et assumenda quia a nihil voluptas aut pariatur ducimus non cumque inventore!",https://encrypted-tbn0.gstatic.com/images?q=tbn:ANd9GcQLm2nTGMhkAOl2rpr2-qXWQtYnc8iXbNubtg&s
Il popolo,"Lorem ipsum dolor sit amet. Eum quae velit aut enim provident ut iste molestiae aut autem sapiente ab esse officiis ab libero necessitatibus aut illum nisi. Eos error cupiditate aut quia velit rem veniam omnis. Ex voluptatem adipisci aut voluptatum sequi in nesciunt blanditiis. Et enim tempora aut nisi iste aut repudiandae corrupti qui doloribus corporis qui voluptatum sequi est corrupti rerum.Est sunt pariatur non cupiditate natus et perferendis nemo eum voluptatem alias et eligendi accusantium qui earum exercitationem. Sit nesciunt sunt sed voluptatem dolor est autem quaerat id ipsum itaque id vero molestiae et laudantium laboriosam.Non unde voluptatum et laudantium cumque sed nulla galisum. Et ullam vero aut similique quod et repudiandae maiores et assumenda quia a nihil voluptas aut pariatur ducimus non cumque inventore!",https://www.loremipzum.com/img/Lino-ipsum-generator.web
La lapa,"Lorem ipsum dolor sit amet. Eum quae velit aut enim provident ut iste molestiae aut autem sapiente ab esse officiis ab libero necessitatibus aut illum nisi. Eos error cupiditate aut quia velit rem veniam omnis. Ex voluptatem adipisci aut voluptatum sequi in nesciunt blanditiis. Et enim tempora aut nisi iste aut repudiandae corrupti qui doloribus corporis qui voluptatum sequi est corrupti rerum.Est sunt pariatur non cupiditate natus et perferendis nemo eum voluptatem alias et eligendi accusantium qui earum exercitationem. Sit nesciunt sunt sed voluptatem dolor est autem quaerat id ipsum itaque id vero molestiae et laudantium laboriosam.Non unde voluptatum et laudantium cumque sed nulla galisum. Et ullam vero aut similique quod et repudiandae maiores et assumenda quia a nihil voluptas aut pariatur ducimus non cumque inventore!",https://encrypted-tbn0.gstatic.com/images?q=tbn:ANd9GcQLm2nTGMhkAOl2rpr2-qXWQtYnc8iXbNubtg&s
Il gazzettino,"Lorem ipsum dolor sit amet. Eum quae velit aut enim provident ut iste molestiae aut autem sapiente ab esse officiis ab libero necessitatibus aut illum nisi. Eos error cupiditate aut quia velit rem veniam omnis. Ex voluptatem adipisci aut voluptatum sequi in nesciunt blanditiis. Et enim tempora aut nisi iste aut repudiandae corrupti qui doloribus corporis qui voluptatum sequi est corrupti rerum.Est sunt pariatur non cupiditate natus et perferendis nemo eum voluptatem alias et eligendi accusantium qui earum exercitationem. Sit nesciunt sunt sed voluptatem dolor est autem quaerat id ipsum itaque id vero molestiae et laudantium laboriosam.Non unde voluptatum et laudantium cumque sed nulla galisum. Et ullam vero aut similique quod et repudiandae maiores et assumenda quia a nihil voluptas aut pariatur ducimus non cumque inventore!",https://www.loremipzum.com/img/Lino-ipsum-generator.webp
Regione Lombardia,"Lorem ipsum dolor sit amet. Eum quae velit aut enim provident ut iste molestiae aut autem sapiente ab esse officiis ab libero necessitatibus aut illum nisi. Eos error cupiditate aut quia velit rem veniam omnis. Ex voluptatem adipisci aut voluptatum sequi in nesciunt blanditiis. Et enim tempora aut nisi iste aut repudiandae corrupti qui doloribus corporis qui voluptatum sequi est corrupti rerum.Est sunt pariatur non cupiditate natus et perferendis nemo eum voluptatem alias et eligendi accusantium qui earum exercitationem. Sit nesciunt sunt sed voluptatem dolor est autem quaerat id ipsum itaque id vero molestiae et laudantium laboriosam.Non unde voluptatum et laudantium cumque sed nulla galisum. Et ullam vero aut similique quod et repudiandae maiores et assumenda quia a nihil voluptas aut pariatur ducimus non cumque inventore!",https://encrypted-tbn0.gstatic.com/images?q=tbn:ANd9GcQLm2nTGMhkAOl2rpr2-qXWQtYnc8iXbNubtg&s,
Passione ciclismo,"Lorem ipsum dolor sit amet. Eum quae velit aut enim provident ut iste molestiae aut autem sapiente ab esse officiis ab libero necessitatibus aut illum nisi. Eos error cupiditate aut quia velit rem veniam omnis. Ex voluptatem adipisci aut voluptatum sequi in nesciunt blanditiis. Et enim tempora aut nisi iste aut repudiandae corrupti qui doloribus corporis qui voluptatum sequi est corrupti rerum.Est sunt pariatur non cupiditate natus et perferendis nemo eum voluptatem alias et eligendi accusantium qui earum exercitationem. Sit nesciunt sunt sed voluptatem dolor est autem quaerat id ipsum itaque id vero molestiae et laudantium laboriosam.Non unde voluptatum et laudantium cumque sed nulla galisum. Et ullam vero aut similique quod et repudiandae maiores et assumenda quia a nihil voluptas aut pariatur ducimus non cumque inventore!",https://www.loremipzum.com/img/Lino-ipsum-generator.webp
Sport per tutti,"Lorem ipsum dolor sit amet. Eum quae velit aut enim provident ut iste molestiae aut autem sapiente ab esse officiis ab libero necessitatibus aut illum nisi. Eos error cupiditate aut quia velit rem veniam omnis. Ex voluptatem adipisci aut voluptatum sequi in nesciunt blanditiis. Et enim tempora aut nisi iste aut repudiandae corrupti qui doloribus corporis qui voluptatum sequi est corrupti rerum.Est sunt pariatur non cupiditate natus et perferendis nemo eum voluptatem alias et eligendi accusantium qui earum exercitationem. Sit nesciunt sunt sed voluptatem dolor est autem quaerat id ipsum itaque id vero molestiae et laudantium laboriosam.Non unde voluptatum et laudantium cumque sed nulla galisum. Et ullam vero aut similique quod et repudiandae maiores et assumenda quia a nihil voluptas aut pariatur ducimus non cumque inventore!",https://encrypted-tbn0.gstatic.com/images?q=tbn:ANd9GcQLm2nTGMhkAOl2rpr2-qXWQtYnc8iXbNubtg&s
Fitness,"Lorem ipsum dolor sit amet. Eum quae velit aut enim provident ut iste molestiae aut autem sapiente ab esse officiis ab libero necessitatibus aut illum nisi. Eos error cupiditate aut quia velit rem veniam omnis. Ex voluptatem adipisci aut voluptatum sequi in nesciunt blanditiis. Et enim tempora aut nisi iste aut repudiandae corrupti qui doloribus corporis qui voluptatum sequi est corrupti rerum.Est sunt pariatur non cupiditate natus et perferendis nemo eum voluptatem alias et eligendi accusantium qui earum exercitationem. Sit nesciunt sunt sed voluptatem dolor est autem quaerat id ipsum itaque id vero molestiae et laudantium laboriosam.Non unde voluptatum et laudantium cumque sed nulla galisum. Et ullam vero aut similique quod et repudiandae maiores et assumenda quia a nihil voluptas aut pariatur ducimus non cumque inventore!",https://www.loremipzum.com/img/Lino-ipsum-generator.webp
4 ruote,"Lorem ipsum dolor sit amet. Eum quae velit aut enim provident ut iste molestiae aut autem sapiente ab esse officiis ab libero necessitatibus aut illum nisi. Eos error cupiditate aut quia velit rem veniam omnis. Ex voluptatem adipisci aut voluptatum sequi in nesciunt blanditiis. Et enim tempora aut nisi iste aut repudiandae corrupti qui doloribus corporis qui voluptatum sequi est corrupti rerum.Est sunt pariatur non cupiditate natus et perferendis nemo eum voluptatem alias et eligendi accusantium qui earum exercitationem. Sit nesciunt sunt sed voluptatem dolor est autem quaerat id ipsum itaque id vero molestiae et laudantium laboriosam.Non unde voluptatum et laudantium cumque sed nulla galisum. Et ullam vero aut similique quod et repudiandae maiores et assumenda quia a nihil voluptas aut pariatur ducimus non cumque inventore!",https://encrypted-tbn0.gstatic.com/images?q=tbn:ANd9GcQLm2nTGMhkAOl2rpr2-qXWQtYnc8iXbNubtg&s
Motorstorm,"Lorem ipsum dolor sit amet. Eum quae velit aut enim provident ut iste molestiae aut autem sapiente ab esse officiis ab libero necessitatibus aut illum nisi. Eos error cupiditate aut quia velit rem veniam omnis. Ex voluptatem adipisci aut voluptatum sequi in nesciunt blanditiis. Et enim tempora aut nisi iste aut repudiandae corrupti qui doloribus corporis qui voluptatum sequi est corrupti rerum.Est sunt pariatur non cupiditate natus et perferendis nemo eum voluptatem alias et eligendi accusantium qui earum exercitationem. Sit nesciunt sunt sed voluptatem dolor est autem quaerat id ipsum itaque id vero molestiae et laudantium laboriosam.Non unde voluptatum et laudantium cumque sed nulla galisum. Et ullam vero aut similique quod et repudiandae maiores et assumenda quia a nihil voluptas aut pariatur ducimus non cumque inventore!",https://www.loremipzum.com/img/Lino-ipsum-generator.webp
Casa e Lavoro,"Lorem ipsum dolor sit amet. Eum quae velit aut enim provident ut iste molestiae aut autem sapiente ab esse officiis ab libero necessitatibus aut illum nisi. Eos error cupiditate aut quia velit rem veniam omnis. Ex voluptatem adipisci aut voluptatum sequi in nesciunt blanditiis. Et enim tempora aut nisi iste aut repudiandae corrupti qui doloribus corporis qui voluptatum sequi est corrupti rerum.Est sunt pariatur non cupiditate natus et perferendis nemo eum voluptatem alias et eligendi accusantium qui earum exercitationem. Sit nesciunt sunt sed voluptatem dolor est autem quaerat id ipsum itaque id vero molestiae et laudantium laboriosam.Non unde voluptatum et laudantium cumque sed nulla galisum. Et ullam vero aut similique quod et repudiandae maiores et assumenda quia a nihil voluptas aut pariatur ducimus non cumque inventore!",https://encrypted-tbn0.gstatic.com/images?q=tbn:ANd9GcQLm2nTGMhkAOl2rpr2-qXWQtYnc8iXbNubtg&s
Lo stato,"Lorem ipsum dolor sit amet. Eum quae velit aut enim provident ut iste molestiae aut autem sapiente ab esse officiis ab libero necessitatibus aut illum nisi. Eos error cupiditate aut quia velit rem veniam omnis. Ex voluptatem adipisci aut voluptatum sequi in nesciunt blanditiis. Et enim tempora aut nisi iste aut repudiandae corrupti qui doloribus corporis qui voluptatum sequi est corrupti rerum.Est sunt pariatur non cupiditate natus et perferendis nemo eum voluptatem alias et eligendi accusantium qui earum exercitationem. Sit nesciunt sunt sed voluptatem dolor est autem quaerat id ipsum itaque id vero molestiae et laudantium laboriosam.Non unde voluptatum et laudantium cumque sed nulla galisum. Et ullam vero aut similique quod et repudiandae maiores et assumenda quia a nihil voluptas aut pariatur ducimus non cumque inventore!",https://www.loremipzum.com/img/Lino-ipsum-generator.webp
Attualit√†,"Lorem ipsum dolor sit amet. Eum quae velit aut enim provident ut iste molestiae aut autem sapiente ab esse officiis ab libero necessitatibus aut illum nisi. Eos error cupiditate aut quia velit rem veniam omnis. Ex voluptatem adipisci aut voluptatum sequi in nesciunt blanditiis. Et enim tempora aut nisi iste aut repudiandae corrupti qui doloribus corporis qui voluptatum sequi est corrupti rerum.Est sunt pariatur non cupiditate natus et perferendis nemo eum voluptatem alias et eligendi accusantium qui earum exercitationem. Sit nesciunt sunt sed voluptatem dolor est autem quaerat id ipsum itaque id vero molestiae et laudantium laboriosam.Non unde voluptatum et laudantium cumque sed nulla galisum. Et ullam vero aut similique quod et repudiandae maiores et assumenda quia a nihil voluptas aut pariatur ducimus non cumque inventore!",https://encrypted-tbn0.gstatic.com/images?q=tbn:ANd9GcQLm2nTGMhkAOl2rpr2-qXWQtYnc8iXbNubtg&s
La cronaca,"Lorem ipsum dolor sit amet. Eum quae velit aut enim provident ut iste molestiae aut autem sapiente ab esse officiis ab libero necessitatibus aut illum nisi. Eos error cupiditate aut quia velit rem veniam omnis. Ex voluptatem adipisci aut voluptatum sequi in nesciunt blanditiis. Et enim tempora aut nisi iste aut repudiandae corrupti qui doloribus corporis qui voluptatum sequi est corrupti rerum.Est sunt pariatur non cupiditate natus et perferendis nemo eum voluptatem alias et eligendi accusantium qui earum exercitationem. Sit nesciunt sunt sed voluptatem dolor est autem quaerat id ipsum itaque id vero molestiae et laudantium laboriosam.Non unde voluptatum et laudantium cumque sed nulla galisum. Et ullam vero aut similique quod et repudiandae maiores et assumenda quia a nihil voluptas aut pariatur ducimus non cumque inventore!",https://www.loremipzum.com/img/Lino-ipsum-generator.webp
Politica,"Lorem ipsum dolor sit amet. Eum quae velit aut enim provident ut iste molestiae aut autem sapiente ab esse officiis ab libero necessitatibus aut illum nisi. Eos error cupiditate aut quia velit rem veniam omnis. Ex voluptatem adipisci aut voluptatum sequi in nesciunt blanditiis. Et enim tempora aut nisi iste aut repudiandae corrupti qui doloribus corporis qui voluptatum sequi est corrupti rerum.Est sunt pariatur non cupiditate natus et perferendis nemo eum voluptatem alias et eligendi accusantium qui earum exercitationem. Sit nesciunt sunt sed voluptatem dolor est autem quaerat id ipsum itaque id vero molestiae et laudantium laboriosam.Non unde voluptatum et laudantium cumque sed nulla galisum. Et ullam vero aut similique quod et repudiandae maiores et assumenda quia a nihil voluptas aut pariatur ducimus non cumque inventore!",https://encrypted-tbn0.gstatic.com/images?q=tbn:ANd9GcQLm2nTGMhkAOl2rpr2-qXWQtYnc8iXbNubtg&s
Il cinema,"Lorem ipsum dolor sit amet. Eum quae velit aut enim provident ut iste molestiae aut autem sapiente ab esse officiis ab libero necessitatibus aut illum nisi. Eos error cupiditate aut quia velit rem veniam omnis. Ex voluptatem adipisci aut voluptatum sequi in nesciunt blanditiis. Et enim tempora aut nisi iste aut repudiandae corrupti qui doloribus corporis qui voluptatum sequi est corrupti rerum.Est sunt pariatur non cupiditate natus et perferendis nemo eum voluptatem alias et eligendi accusantium qui earum exercitationem. Sit nesciunt sunt sed voluptatem dolor est autem quaerat id ipsum itaque id vero molestiae et laudantium laboriosam.Non unde voluptatum et laudantium cumque sed nulla galisum. Et ullam vero aut similique quod et repudiandae maiores et assumenda quia a nihil voluptas aut pariatur ducimus non cumque inventore!",https://www.loremipzum.com/img/Lino-ipsum-generator.webp
la regione,"Lorem ipsum dolor sit amet. Eum quae velit aut enim provident ut iste molestiae aut autem sapiente ab esse officiis ab libero necessitatibus aut illum nisi. Eos error cupiditate aut quia velit rem veniam omnis. Ex voluptatem adipisci aut voluptatum sequi in nesciunt blanditiis. Et enim tempora aut nisi iste aut repudiandae corrupti qui doloribus corporis qui voluptatum sequi est corrupti rerum.Est sunt pariatur non cupiditate natus et perferendis nemo eum voluptatem alias et eligendi accusantium qui earum exercitationem. Sit nesciunt sunt sed voluptatem dolor est autem quaerat id ipsum itaque id vero molestiae et laudantium laboriosam.Non unde voluptatum et laudantium cumque sed nulla galisum. Et ullam vero aut similique quod et repudiandae maiores et assumenda quia a nihil voluptas aut pariatur ducimus non cumque inventore!",https://encrypted-tbn0.gstatic.com/images?q=tbn:ANd9GcQLm2nTGMhkAOl2rpr2-qXWQtYnc8iXbNubtg&s
Il resto del carlino,"Lorem ipsum dolor sit amet. Eum quae velit aut enim provident ut iste molestiae aut autem sapiente ab esse officiis ab libero necessitatibus aut illum nisi. Eos error cupiditate aut quia velit rem veniam omnis. Ex voluptatem adipisci aut voluptatum sequi in nesciunt blanditiis. Et enim tempora aut nisi iste aut repudiandae corrupti qui doloribus corporis qui voluptatum sequi est corrupti rerum.Est sunt pariatur non cupiditate natus et perferendis nemo eum voluptatem alias et eligendi accusantium qui earum exercitationem. Sit nesciunt sunt sed voluptatem dolor est autem quaerat id ipsum itaque id vero molestiae et laudantium laboriosam.Non unde voluptatum et laudantium cumque sed nulla galisum. Et ullam vero aut similique quod et repudiandae maiores et assumenda quia a nihil voluptas aut pariatur ducimus non cumque inventore!",https://www.loremipzum.com/img/Lino-ipsum-generator.webp
la Sicilia,"Lorem ipsum dolor sit amet. Eum quae velit aut enim provident ut iste molestiae aut autem sapiente ab esse officiis ab libero necessitatibus aut illum nisi. Eos error cupiditate aut quia velit rem veniam omnis. Ex voluptatem adipisci aut voluptatum sequi in nesciunt blanditiis. Et enim tempora aut nisi iste aut repudiandae corrupti qui doloribus corporis qui voluptatum sequi est corrupti rerum.Est sunt pariatur non cupiditate natus et perferendis nemo eum voluptatem alias et eligendi accusantium qui earum exercitationem. Sit nesciunt sunt sed voluptatem dolor est autem quaerat id ipsum itaque id vero molestiae et laudantium laboriosam.Non unde voluptatum et laudantium cumque sed nulla galisum. Et ullam vero aut similique quod et repudiandae maiores et assumenda quia a nihil voluptas aut pariatur ducimus non cumque inventore!",https://encrypted-tbn0.gstatic.com/images?q=tbn:ANd9GcQLm2nTGMhkAOl2rpr2-qXWQtYnc8iXbNubtg&s
Il Mattino,"Lorem ipsum dolor sit amet. Eum quae velit aut enim provident ut iste molestiae aut autem sapiente ab esse officiis ab libero necessitatibus aut illum nisi. Eos error cupiditate aut quia velit rem veniam omnis. Ex voluptatem adipisci aut voluptatum sequi in nesciunt blanditiis. Et enim tempora aut nisi iste aut repudiandae corrupti qui doloribus corporis qui voluptatum sequi est corrupti rerum.Est sunt pariatur non cupiditate natus et perferendis nemo eum voluptatem alias et eligendi accusantium qui earum exercitationem. Sit nesciunt sunt sed voluptatem dolor est autem quaerat id ipsum itaque id vero molestiae et laudantium laboriosam.Non unde voluptatum et laudantium cumque sed nulla galisum. Et ullam vero aut similique quod et repudiandae maiores et assumenda quia a nihil voluptas aut pariatur ducimus non cumque inventore!",https://www.loremipzum.com/img/Lino-ipsum-generator.webp
Lo sport,"Lorem ipsum dolor sit amet. Eum quae velit aut enim provident ut iste molestiae aut autem sapiente ab esse officiis ab libero necessitatibus aut illum nisi. Eos error cupiditate aut quia velit rem veniam omnis. Ex voluptatem adipisci aut voluptatum sequi in nesciunt blanditiis. Et enim tempora aut nisi iste aut repudiandae corrupti qui doloribus corporis qui voluptatum sequi est corrupti rerum.Est sunt pariatur non cupiditate natus et perferendis nemo eum voluptatem alias et eligendi accusantium qui earum exercitationem. Sit nesciunt sunt sed voluptatem dolor est autem quaerat id ipsum itaque id vero molestiae et laudantium laboriosam.Non unde voluptatum et laudantium cumque sed nulla galisum. Et ullam vero aut similique quod et repudiandae maiores et assumenda quia a nihil voluptas aut pariatur ducimus non cumque inventore!",https://encrypted-tbn0.gstatic.com/images?q=tbn:ANd9GcQLm2nTGMhkAOl2rpr2-qXWQtYnc8iXbNubtg&s